"recipe_id","name","created_at","updated_at"
1014225,"バレンタイン","2023-02-11 14:00:59","2023-02-11 14:00:59"
1468815,"自家製ベーコン","2021-12-09 11:33:08","2021-12-09 11:33:08"
2251689,"手作りあん","2021-05-23 07:29:00","2021-05-23 07:29:00"
2332714,"お酒が進む","2023-04-18 03:19:00","2023-04-18 03:19:00"
2332714,"お家レストラン","2020-04-25 05:17:24","2020-04-25 05:17:24"
2332714,"しみしみ","2020-08-12 11:36:50","2020-08-12 11:36:50"
2332714,"絶品スペアリブ","2020-02-27 14:38:52","2020-02-27 14:38:52"
2332714,"赤ワイン活用","2021-09-18 01:27:36","2021-09-18 01:27:36"
2332714,"絶品スペアリブ","2020-05-24 10:36:45","2020-05-24 10:36:45"
2332714,"食べたかった味","2023-01-15 09:46:14","2023-01-15 09:46:14"
2332714,"パンにもご飯にも合う","2020-05-24 10:36:45","2020-05-24 10:36:45"
2332714,"赤ワインに合う","2021-01-09 11:37:55","2021-01-09 11:37:55"
2332714,"圧力鍋でお肉ホロホロ","2021-11-09 11:59:43","2021-11-09 11:59:43"
2332714,"メインおかず","2021-01-09 11:37:55","2021-01-09 11:37:55"
2332714,"肉食系喜ぶ","2021-11-09 11:59:43","2021-11-09 11:59:43"
2332714,"簡単ご馳走","2019-10-22 12:40:37","2019-10-22 12:40:37"
2332714,"柔らか","2021-11-25 10:20:02","2021-11-25 10:20:02"
2332714,"簡単ご馳走","2021-11-09 11:59:43","2021-11-09 11:59:43"
2332714,"柔らか","2020-08-12 11:36:50","2020-08-12 11:36:50"
2332714,"簡単ご馳走","2020-02-16 10:55:30","2020-02-16 10:55:30"
2332714,"おもてなし","2023-07-05 09:00:54","2023-07-05 09:01:45"
2332714,"簡単ご馳走","2019-12-27 12:34:13","2019-12-27 12:34:13"
2332714,"トロトロ","2019-10-22 12:40:37","2019-10-22 12:40:37"
2332714,"あるものでできる","2021-11-25 10:20:02","2021-11-25 10:20:02"
2332714,"洋食に","2021-03-09 09:36:16","2021-03-09 09:36:16"
2332714,"圧力鍋","2021-11-09 11:59:43","2021-11-09 11:59:43"
2332714,"ほろほろ","2020-08-12 11:36:50","2020-08-12 11:36:50"
2332714,"レストランの味","2020-04-25 05:17:24","2020-04-25 05:17:24"
2332714,"ディナーにぴったり","2021-01-09 11:37:55","2021-01-09 11:37:55"
2332714,"スペアリブ簡単","2021-09-18 01:27:36","2021-09-18 01:27:36"
2332714,"とろとろお肉","2023-04-18 03:19:00","2023-04-18 03:19:00"
2551824,"定番おにぎり","2020-03-13 03:44:57","2020-03-13 03:44:57"
2829052,"お弁当にぴったり","2021-05-28 09:31:52","2021-05-28 09:31:52"
2829052,"はんぺん活用","2021-05-28 09:31:52","2021-05-28 09:31:52"
2829052,"組み合わせ最高","2021-05-28 09:31:52","2021-05-28 09:31:52"
2829052,"お弁当にもぴったり","2020-11-19 11:34:39","2020-11-19 11:34:39"
3422505,"塩麹レシピ","2020-05-13 11:49:24","2020-05-13 11:49:24"
3830820,"お弁当にはこの焼きそば！","2023-04-21 20:55:20","2023-04-21 20:55:20"
4109958,"忙しい朝に","2021-10-27 06:12:48","2021-10-27 06:12:48"
4109958,"ごま油が効いてる","2021-10-27 06:12:48","2021-10-27 06:12:48"
4109958,"おにぎりワンランクアップ","2021-10-27 06:12:48","2021-10-27 06:12:48"
4109958,"みんな喜ぶ","2021-10-27 06:12:48","2021-10-27 06:12:48"
4109958,"お弁当にもぴったり","2021-04-08 22:28:15","2021-04-08 22:28:15"
4109958,"おにぎりはコレッ‼️","2021-10-27 06:12:48","2021-10-27 06:12:48"
4130009,"味が染みてて美味しい","2021-07-25 02:34:23","2021-07-25 02:34:23"
4130009,"夜食にも","2021-07-25 02:34:23","2021-07-25 02:34:23"
4130009,"スタミナ飯","2021-05-03 09:25:53","2021-05-03 09:25:53"
4130009,"がっつりめし","2020-05-06 09:28:31","2020-05-06 09:28:31"
4130009,"娘のお弁当","2021-09-06 22:26:54","2021-09-06 22:26:54"
4130009,"絶品肉巻きおにぎり","2021-07-25 02:34:23","2021-07-25 02:34:23"
4257913,"幼稚園お弁当","2021-10-13 02:18:32","2021-10-13 02:18:32"
4257913,"おにぎりかわいい","2021-10-13 02:18:32","2021-10-13 02:18:32"
4312205,"お弁当にもお勧め♡","2020-06-23 04:55:11","2020-06-23 04:55:11"
4312205,"お弁当にもぴったり","2020-06-23 04:55:11","2020-06-23 04:55:11"
4312205,"女子弁当","2020-06-23 04:55:11","2020-06-23 04:55:11"
4312205,"弁当","2020-06-23 04:55:11","2020-06-23 04:55:11"
4312205,"娘のお弁当","2020-06-23 04:55:11","2020-06-23 04:55:11"
4312205,"コマキンパ","2020-06-23 04:55:11","2020-06-23 04:55:11"
4482330,"スパム","2021-07-19 18:23:52","2021-07-19 18:23:52"
4982069,"香りが良い","2023-02-24 13:43:28","2023-02-24 13:43:28"
5074967,"子供も大好き","2021-05-31 22:39:57","2021-05-31 22:39:57"
5074967,"子供も大好き","2020-07-13 11:48:05","2020-07-13 11:48:05"
5104901,"夏にぴったり","2021-06-25 01:45:29","2021-06-25 01:45:29"
5104901,"スッキリなアイスコーヒー","2020-10-07 02:16:18","2020-10-07 02:16:18"
5104901,"すっきり美味しい","2021-08-16 00:03:11","2021-08-16 00:03:11"
5104901,"パンに合う","2023-06-30 04:14:49","2023-06-30 04:15:35"
5104901,"サッパリして美味しいアイスコーヒー","2021-03-18 05:07:40","2021-03-18 05:07:40"
5104901,"我が家の定番のアイスコーヒー","2020-10-30 03:43:10","2020-10-30 03:43:10"
5104901,"サッパリして美味しいアイスコーヒー","2020-10-02 00:18:21","2020-10-02 00:18:21"
5104901,"サッパリと美味しい","2020-11-12 23:13:49","2020-11-12 23:13:49"
5104901,"スッキリ飲めて美味しいアイスコーヒー","2020-08-14 07:11:51","2020-08-14 07:11:51"
5104901,"コーヒーの淹れ方","2021-12-02 01:16:49","2021-12-02 01:16:49"
5104901,"スッキリ飲めて美味しいアイスコーヒー","2021-03-18 05:07:40","2021-03-18 05:07:40"
5104901,"なつにピッタリ","2023-04-11 06:36:58","2023-04-11 06:36:58"
5104901,"ゴクゴク飲みたい","2021-06-05 03:18:47","2021-06-05 03:18:47"
5104901,"アイスコーヒーで♪爽やかな朝☆","2020-08-11 04:03:35","2020-08-11 04:03:35"
5104901,"さっぱりアイスコーヒー","2021-06-05 03:18:47","2021-06-05 03:18:47"
5104901,"アイスコーヒーで♪爽やかな朝☆","2020-09-29 22:28:29","2020-09-29 22:28:29"
5104901,"スッキリ喉越し","2020-08-05 22:49:51","2020-08-05 22:49:51"
5104901,"朝の幸せ","2021-06-25 01:45:29","2021-06-25 01:45:29"
5104901,"ドリップで美味しく","2020-06-08 22:45:01","2020-06-08 22:45:01"
5104901,"サラリと飲めるアイスコーヒー","2020-11-01 03:37:26","2020-11-01 03:37:26"
5104901,"朝の一杯に","2021-06-25 01:45:29","2021-06-25 01:45:29"
5104901,"我が家の定番","2021-01-06 23:19:39","2021-01-06 23:19:39"
5104901,"さっぱり美味しい","2020-11-10 02:16:18","2020-11-10 02:16:18"
5104901,"スッキリ飲める","2020-11-24 01:24:37","2020-11-24 01:24:37"
5104901,"我が家の定番","2023-04-23 03:32:58","2023-04-23 03:32:58"
5104901,"サッパリアイスコーヒー","2020-10-03 08:28:15","2020-10-03 08:28:15"
5104901,"サッパリ美味しい","2021-09-23 07:32:43","2021-09-23 07:32:43"
5104901,"失敗なし","2023-06-30 04:14:49","2023-06-30 04:15:35"
5104901,"コーヒーを美味しく","2021-11-26 04:12:58","2021-11-26 04:12:58"
5115223,"厚揚げでもう一品","2023-07-25 10:51:48","2023-07-25 10:51:50"
5115223,"さっぱり美味しい","2023-07-25 10:51:48","2023-07-25 10:51:50"
5116829,"おつまみ","2020-03-10 12:31:25","2020-03-10 12:31:25"
5116864,"いんげん副菜","2020-11-07 05:11:19","2020-11-07 05:11:19"
5116864,"いんげん消費","2020-06-27 14:47:52","2020-06-27 14:47:52"
5116864,"大量消費にもってこい","2020-08-16 09:21:18","2020-08-16 09:21:18"
5271629,"ランチに最適","2021-02-22 08:28:59","2021-02-22 08:28:59"
5271629,"簡単ご馳走","2021-02-22 08:28:59","2021-02-22 08:28:59"
5352834,"柚子塩の最高使い道","2020-11-09 04:11:04","2020-11-09 04:11:04"
5441920,"ひと手間で美味しく","2021-04-07 11:51:48","2021-04-07 11:51:48"
5441920,"夕飯のメインに","2021-04-07 11:51:48","2021-04-07 11:51:48"
5474277,"塩こんぶがポイント","2023-07-31 12:39:27","2023-07-31 12:39:28"
5474277,"ほうれん草を美味しく","2023-02-27 22:58:33","2023-02-27 22:58:33"
5474277,"かんたんヘルシー","2020-03-27 07:42:57","2020-03-27 07:42:57"
5474277,"栄養満点","2021-01-16 13:20:34","2021-01-16 13:20:34"
5474277,"ツナとの組み合せ","2021-01-19 08:33:07","2021-01-19 08:33:07"
5474277,"栄養満点","2021-12-11 23:40:42","2021-12-11 23:40:42"
5474277,"常備菜","2021-03-11 12:13:32","2021-03-11 12:13:32"
5474277,"栄養満点","2021-06-08 05:53:34","2021-06-08 05:53:34"
5474277,"茹でてあえるだけ","2021-01-16 13:20:34","2021-01-16 13:20:34"
5474277,"栄養満点","2023-01-28 15:16:55","2023-01-28 15:16:55"
5474277,"塩昆布がいいね","2023-01-22 11:13:03","2023-01-22 11:13:03"
5474277,"鉄分豊富","2021-01-11 14:14:04","2021-01-11 14:14:04"
5474277,"ツナは最強！","2021-01-19 08:33:07","2021-01-19 08:33:07"
5474277,"こどもがパクパク","2023-01-28 15:16:55","2023-01-28 15:16:55"
5474277,"塩昆布がいいね","2023-02-27 22:58:33","2023-02-27 22:58:33"
5474277,"ほうれん草で栄養満点","2023-07-31 12:39:27","2023-07-31 12:39:28"
5474277,"ツナが不可欠","2021-01-19 08:33:07","2021-01-19 08:33:07"
5474277,"塩昆布がいいね","2023-06-09 08:00:53","2023-06-09 08:01:39"
5474277,"ほうれん草で栄養満点","2021-01-19 08:33:07","2021-01-19 08:33:07"
5474277,"いろどり野菜","2021-06-12 11:54:42","2021-06-12 11:54:42"
5474277,"塩昆布がいいね","2021-01-19 08:33:07","2021-01-19 08:33:07"
5474277,"ほうれん草で栄養満点","2023-02-27 22:58:33","2023-02-27 22:58:33"
5474277,"いろどり野菜","2021-04-18 13:29:56","2021-04-18 13:29:56"
5474277,"ほうれん草で栄養満点","2021-12-11 23:40:42","2021-12-11 23:40:42"
5474277,"いろどり野菜","2021-04-10 14:02:36","2021-04-10 14:02:36"
5474277,"彩りキレイ","2021-12-11 23:40:42","2021-12-11 23:40:42"
5474277,"いろどり野菜","2020-12-25 09:26:04","2020-12-25 09:26:04"
5474277,"彩りキレイ","2021-06-29 00:39:05","2021-06-29 00:39:05"
5474277,"いろどり野菜","2023-02-27 22:58:33","2023-02-27 22:58:33"
5474277,"彩りキレイ","2021-03-11 12:13:32","2021-03-11 12:13:32"
5474277,"ほうれん草絶品副菜","2021-01-19 08:33:07","2021-01-19 08:33:07"
5474277,"栄養豊富","2021-06-01 03:56:18","2021-06-01 03:56:18"
5474277,"ほうれん草絶品副菜","2023-02-27 22:58:33","2023-02-27 22:58:33"
5474277,"栄養豊富","2021-07-22 13:13:06","2021-07-22 13:13:06"
5474277,"ほうれん草絶品副菜","2021-03-13 04:46:39","2021-03-13 04:46:39"
5474277,"栄養豊富","2021-12-11 23:40:42","2021-12-11 23:40:42"
5474277,"ほうれん草絶品副菜","2021-12-11 23:40:42","2021-12-11 23:40:42"
5474277,"栄養豊富","2020-12-25 09:26:04","2020-12-25 09:26:04"
5474277,"ほうれん草絶品副菜","2021-02-15 22:24:29","2021-02-15 22:24:29"
5474277,"栄養豊富","2021-03-11 12:13:32","2021-03-11 12:13:32"
5474277,"いろどりキレイ","2021-12-11 23:40:42","2021-12-11 23:40:42"
5474277,"栄養豊富","2021-04-18 13:29:56","2021-04-18 13:29:56"
5474277,"いろどりキレイ","2021-12-23 23:35:54","2021-12-23 23:35:54"
5474277,"栄養豊富","2023-02-27 22:58:33","2023-02-27 22:58:33"
5474277,"いろどりキレイ","2021-06-08 05:53:34","2021-06-08 05:53:34"
5474277,"ほうれん草であと一品","2023-04-17 21:40:40","2023-04-17 21:40:40"
5474277,"塩昆布活用","2021-12-11 23:40:42","2021-12-11 23:40:42"
5474277,"ほうれん草であと一品","2021-12-11 23:40:42","2021-12-11 23:40:42"
5474277,"塩昆布活用","2021-01-19 08:33:07","2021-01-19 08:33:07"
5474277,"ほうれん草であと一品","2023-07-31 12:39:27","2023-07-31 12:39:28"
5474277,"塩昆布活用","2023-01-22 11:13:03","2023-01-22 11:13:03"
5474277,"ほうれん草であと一品","2023-03-22 10:12:13","2023-03-22 10:12:13"
5474277,"塩昆布活用","2023-02-27 22:58:33","2023-02-27 22:58:33"
5474277,"ほうれん草であと一品","2023-01-22 11:13:03","2023-01-22 11:13:03"
5474277,"ゆでて和えるだけ","2021-12-23 23:35:54","2021-12-23 23:35:54"
5474277,"ほうれん草であと一品","2021-09-30 22:34:26","2021-09-30 22:34:26"
5474277,"ゆでて和えるだけ","2021-11-21 00:36:15","2021-11-21 00:36:15"
5474277,"ほうれん草であと一品","2021-01-19 08:33:07","2021-01-19 08:33:07"
5474277,"ほうれん草嫌いでも食べられる","2021-01-19 08:33:07","2021-01-19 08:33:07"
5474277,"ほうれん草であと一品","2021-01-29 09:52:32","2021-01-29 09:52:32"
5474277,"お弁当にもぴったり","2023-07-31 12:39:27","2023-07-31 12:39:28"
5474277,"ほうれん草であと一品","2023-02-27 22:58:33","2023-02-27 22:58:33"
5474277,"塩昆布レシピ","2021-01-25 06:00:47","2021-01-25 06:00:47"
5474277,"あと１品💗","2023-03-16 21:02:05","2023-03-16 21:02:05"
5474277,"塩昆布レシピ","2023-02-27 22:58:33","2023-02-27 22:58:33"
5474277,"ほうれん草消費","2021-01-19 08:33:07","2021-01-19 08:33:07"
5474277,"塩昆布レシピ","2021-01-19 08:33:07","2021-01-19 08:33:07"
5474277,"簡単もう１品にピッタリ","2021-06-01 03:56:18","2021-06-01 03:56:18"
5474277,"塩昆布レシピ","2021-12-11 23:40:42","2021-12-11 23:40:42"
5474277,"味付け簡単で美味しかったです！","2021-01-11 14:14:04","2021-01-11 14:14:04"
5474277,"塩昆布レシピ","2023-01-22 11:13:03","2023-01-22 11:13:03"
5474277,"塩昆布レシピ","2021-01-29 09:52:32","2021-01-29 09:52:32"
5595350,"シーフードの旨味タップリ","2021-01-13 10:22:44","2021-01-13 10:22:44"
5671127,"簡単ヘルシー","2020-03-14 23:11:27","2020-03-14 23:11:27"
5674747,"鶏胸肉しっとり","2023-07-09 06:46:40","2023-07-09 06:47:27"
5674747,"簡単ヘルシー","2023-05-12 04:41:43","2023-05-12 04:41:43"
5674747,"さっぱり美味しい","2023-07-09 06:46:40","2023-07-09 06:47:27"
5674747,"野菜たっぷり","2023-05-12 04:41:43","2023-05-12 04:41:43"
5674747,"また作ります😊💛","2023-07-09 06:46:40","2023-07-09 06:47:27"
5674747,"鶏胸肉でヘルシー","2023-07-09 06:46:40","2023-07-09 06:47:27"
5674747,"つくりおきレシピ","2023-07-09 06:46:40","2023-07-09 06:47:27"
5674747,"おしゃれなカフェ風","2023-07-17 04:20:17","2023-07-17 04:21:04"
5674747,"作り置き","2023-06-21 09:50:07","2023-06-21 09:50:54"
5674747,"絶品鶏胸肉とネギのマスタードマリネ","2023-07-09 06:46:40","2023-07-09 06:47:27"
5674747,"家族絶賛","2023-07-09 06:46:40","2023-07-09 06:47:27"
5674747,"絶品鶏胸肉とネギのマスタードマリネ","2023-07-17 04:20:17","2023-07-17 04:21:04"
5674747,"夏に食べたい","2023-07-17 04:20:17","2023-07-17 04:21:04"
5678359,"お弁当にも","2020-03-09 10:57:18","2020-03-09 10:57:18"
5678359,"ごはんに合う","2020-03-24 10:13:10","2020-03-24 10:13:10"
5678359,"ご飯が進む","2021-10-14 11:39:35","2021-10-14 11:39:35"
5678359,"お弁当にもぴったり","2020-03-07 04:47:47","2020-03-07 04:47:47"
5678662,"お手軽ランチ","2020-04-09 21:27:16","2020-04-09 21:27:16"
5680136,"夏にぴったり","2020-08-04 13:22:33","2020-08-04 13:22:33"
5698039,"なめたけ活用","2020-07-08 01:10:54","2020-07-08 01:10:54"
5852633,"サクサク","2019-11-19 08:14:58","2019-11-19 08:14:58"
6008338,"ラム肉レパートリー","2021-06-24 04:54:08","2021-06-24 04:54:08"
6046392,"身体にやさしい","2021-04-01 01:51:26","2021-04-01 01:51:26"
6093709,"バレンタイン","2023-02-02 05:00:35","2023-02-02 05:00:35"
6093709,"バレンタイン","2023-02-02 05:10:17","2023-02-02 05:10:17"
6093709,"バレンタイン","2023-02-02 05:14:04","2023-02-02 05:14:04"
6114966,"簡単本格","2023-02-02 06:04:56","2023-02-02 06:04:56"
6114966,"バレンタイン","2023-02-02 08:33:42","2023-02-02 08:33:42"
6200131,"彩り鮮やか紫キャベツレシピ","2020-06-15 18:22:57","2020-06-15 18:22:57"
6200131,"ピクルス活用","2021-02-15 08:16:50","2021-02-15 08:16:50"
6200131,"彩り◎","2021-03-06 04:14:46","2021-03-06 04:14:46"
6200131,"彩りキレイ","2021-03-06 04:14:46","2021-03-06 04:14:46"
6205281,"おつまみにもおかずにも","2020-07-04 07:47:49","2020-07-04 07:47:49"
6281968,"きゅうりのQちゃん","2023-07-30 08:56:34","2023-07-30 08:56:36"
6309714,"材料少ない","2023-02-14 13:01:51","2023-02-14 13:01:51"
6309714,"濃厚","2020-12-28 12:54:09","2020-12-28 12:54:09"
6309714,"とろける","2023-02-14 13:01:51","2023-02-14 13:01:51"
6309714,"30分でできる","2023-02-14 13:01:51","2023-02-14 13:01:51"
6309714,"混ぜるだけ","2023-02-14 13:01:51","2023-02-14 13:01:51"
6309714,"コーヒーに合う","2023-02-14 13:01:51","2023-02-14 13:01:51"
6309714,"バレンタイン","2023-02-14 13:01:51","2023-02-14 13:01:51"
6316525,"かんたんヘルシー","2020-11-13 11:59:09","2020-11-13 11:59:09"
6316525,"エスニックな味","2020-12-02 09:46:19","2020-12-02 09:46:19"
6458305,"美味しいパスタ♫","2021-09-08 13:02:42","2021-09-08 13:02:42"
6458305,"満足感","2021-09-08 13:02:42","2021-09-08 13:02:42"
6458305,"かぼす消費","2021-09-08 13:02:42","2021-09-08 13:02:42"
6458305,"和パスタ","2021-09-08 13:02:42","2021-09-08 13:02:42"
6458305,"薬味たっぷり","2021-09-08 13:02:42","2021-09-08 13:02:42"
6458305,"さっぱり美味しい","2021-09-08 13:02:42","2021-09-08 13:02:42"
6458712,"桃の季節に♪","2021-07-18 00:51:35","2021-07-18 00:51:35"
6458712,"生ハムでおしゃれに","2021-07-18 00:51:35","2021-07-18 00:51:35"
6458712,"チーズ好き","2021-07-18 00:51:35","2021-07-18 00:51:35"
6458712,"生ハムおつまみ","2021-07-18 00:51:35","2021-07-18 00:51:35"
6458712,"生ハム活用","2021-07-18 00:51:35","2021-07-18 00:51:35"
6458712,"桃を楽しむ","2021-07-18 00:51:35","2021-07-18 00:51:35"
6748587,"永久保存版","2021-07-12 12:22:47","2021-07-12 12:22:47"
6748587,"ダイエッターのおやつ","2021-07-31 06:04:03","2021-07-31 06:04:03"
6748587,"おとなスイーツ","2021-07-12 12:22:47","2021-07-12 12:22:47"
6748587,"コーヒーゼリーとアイスクリーム美味","2021-07-12 12:22:47","2021-07-12 12:22:47"
6748587,"ひんやりデザート","2021-07-31 06:04:03","2021-07-31 06:04:03"
7167921,"食卓が華やかに","2023-04-12 12:22:18","2023-04-12 12:22:18"
7167921,"手でちぎるのがポイント","2023-04-12 12:22:18","2023-04-12 12:22:18"
7248038,"赤身のグルメ","2023-07-28 10:57:04","2023-07-28 10:57:06"
7248038,"こどもがパクパク","2023-07-28 10:57:04","2023-07-28 10:57:06"
7251466,"なつにピッタリ","2023-07-17 03:38:11","2023-07-17 03:38:58"
7251466,"夫のお気に入り","2023-07-17 03:38:11","2023-07-17 03:38:58"
7251466,"サラダがおいしい","2023-07-17 03:38:11","2023-07-17 03:38:58"
